{"organizationId":"ebc9bdf1-ff09-4469-94ae-24692b45fdd1","groupId":"ebc9bdf1-ff09-4469-94ae-24692b45fdd1","assetId":"american-flights-api-ws4","version":"1.0.1","classifier":"raml","main":"amwerican-flights-apl.raml","name":"American-Flights-API-ws4","dependencies":[{"groupId":"68ef9520-24e9-4cf2-b2f5-620025690913","assetId":"training-american-flight-data-type","version":"1.0.1"},{"groupId":"68ef9520-24e9-4cf2-b2f5-620025690913","assetId":"training-american-flights-example","version":"1.0.1"}],"tags":[],"metadata":{"projectId":"211fb354-78c2-46c0-aaef-92cb6736d235","branchId":"master","commitId":"14638fb33d0acd7306386c8045c356be6b598673"},"originalFormatVersion":"1.0","apiVersion":"v1"}